{
  "project_info": {
    "project_number": "395532379557",
    "firebase_url": "https://groupproject-c456f.firebaseio.com",
    "project_id": "groupproject-c456f",
    "storage_bucket": "groupproject-c456f.appspot.com"
  },
  "client": [
    {
      "client_info": {
        "mobilesdk_app_id": "1:395532379557:android:6b1b1875cfc0d8c8",
        "android_client_info": {
          "package_name": "com.example.cody.firebaseclassdemo"
        }
      },
      "oauth_client": [
        {
          "client_id": "395532379557-201m4nrd6c52836h5f9o81nnfuik9cja.apps.googleusercontent.com",
          "client_type": 3
        }
      ],
      "api_key": [
        {
          "current_key": "AIzaSyDXh16rbFMgqsGzhAEzsERxLNx03JeRH0I"
        }
      ],
      "services": {
        "analytics_service": {
          "status": 1
        },
        "appinvite_service": {
          "status": 1,
          "other_platform_oauth_client": []
        },
        "ads_service": {
          "status": 2
        }
      }
    }
  ],
  "configuration_version": "1"
}